transformer_id,from_bus,from_phases,to_bus,to_phases,model_scope
mainTransformer,HVMV_Sub_HSB,abc,regxfmr_HVMV_Sub_LSB,abc,explicit_ybus
T21396254A,L2804253,a,X2804253A,ab,collapsed_primary_load
T5321859B,L3254213,b,X3254213B,ab,collapsed_primary_load
T5391741B,L3216339,b,X3216339B,ab,collapsed_primary_load
T5293672A,L2954355,a,X2954355A,ab,collapsed_primary_load
T21474711C,L2861197,c,X2861197C,ab,collapsed_primary_load
T5260488A,L2842379,a,X2842379A,ab,collapsed_primary_load
T5391758B,L2841636,b,X2841636B,ab,collapsed_primary_load
T228091193A,L3047289,a,X3047289A,ab,collapsed_primary_load
T228091193B,L3047289,b,X3047289B,ab,collapsed_primary_load
T228091193C,L3047289,c,X3047289C,ab,collapsed_primary_load
T5302862C,L3085399,c,X3085399C,ab,collapsed_primary_load
T21236413B,L3085391,b,X3085391B,ab,collapsed_primary_load
T5302468A,L2897778,a,X2897778A,ab,collapsed_primary_load
T5294787A,L3197647,a,X3197647A,ab,collapsed_primary_load
T5157715B,L2936275,b,X2936275B,ab,collapsed_primary_load
T5355768B,L2729408,b,X2729408B,ab,collapsed_primary_load
T5138562A,L2673310,a,X2673310A,ab,collapsed_primary_load
T5355934A,L3048212,a,X3048212A,ab,collapsed_primary_load
T5293483A,L3104133,a,X3104133A,ab,collapsed_primary_load
T21399762A,L2879087,a,X2879087A,ab,collapsed_primary_load
T5138650C,L2710510,c,X2710510C,ab,collapsed_primary_load
T5323242B,L3122810,b,X3122810B,ab,collapsed_primary_load
T28127090C,L2954352,c,X2954352C,ab,collapsed_primary_load
T5138769A,L2729411,a,X2729411A,ab,collapsed_primary_load
T5338896A,L3178971,a,X3178971A,ab,collapsed_primary_load
T5355586B,L3254234,b,X3254234B,ab,collapsed_primary_load
T5293471A,293471,a,X_293471A,ab,collapsed_primary_load
T5293471B,293471,b,X_293471B,ab,collapsed_primary_load
T5293471C,293471,c,X_293471C,ab,collapsed_primary_load
T5338954A,L2860482,a,X2860482A,ab,collapsed_primary_load
T21459629C,L2763811,c,X2763811C,ab,collapsed_primary_load
T5260562A,L3251799,a,X3251799A,ab,collapsed_primary_load
T21393486C,L2898526,c,X2898526C,ab,collapsed_primary_load
T5293518B,L2897780,b,X2897780B,ab,collapsed_primary_load
T226195194C,L3027124,c,X3027124C,ab,collapsed_primary_load
T21383494B,L2954361,b,X2954361B,ab,collapsed_primary_load
T5251863C,L2745811,c,X2745811C,ab,collapsed_primary_load
T5293645A,L2841633,a,X2841633A,ab,collapsed_primary_load
T21482431A,L2917359,a,X2917359A,ab,collapsed_primary_load
T5293480A,L2748158,a,X2748158A,ab,collapsed_primary_load
T21469911A,L2955047,a,X2955047A,ab,collapsed_primary_load
T5355432C,L3122837,c,X3122837C,ab,collapsed_primary_load
T5323285B,L2804269,b,X2804269B,ab,collapsed_primary_load
T226192954C,L3157708,c,X3157708C,ab,collapsed_primary_load
T5207292C,L3179682,c,X3179682C,ab,collapsed_primary_load
T5337672B,L2822877,b,X2822877B,ab,collapsed_primary_load
T5442373C,L3141393,c,X3141393C,ab,collapsed_primary_load
T21470405A,L2897801,a,X2897801A,ab,collapsed_primary_load
T5218474A,L3217056,a,X3217056A,ab,collapsed_primary_load
T5218472A,L2936270,a,X2936270A,ab,collapsed_primary_load
T5356014A,L3235249,a,X3235249A,ab,collapsed_primary_load
T5260528C,L3217052,c,X3217052C,ab,collapsed_primary_load
T5355933A,L2916598,a,X2916598A,ab,collapsed_primary_load
T5138649A,L3048206,a,X3048206A,ab,collapsed_primary_load
T5391978C,L3141402,c,X3141402C,ab,collapsed_primary_load
T5138642A,L3235256,a,X3235256A,ab,collapsed_primary_load
T21149420A,L3178973,a,X3178973A,ab,collapsed_primary_load
T21382992A,L3197654,a,X3197654A,ab,collapsed_primary_load
T5338958C,L3066809,c,X3066809C,ab,collapsed_primary_load
T5355585B,L2766742,b,X2766742B,ab,collapsed_primary_load
T5338900A,L2991908,a,X2991908A,ab,collapsed_primary_load
T5323389B,L3065750,b,X3065750B,ab,collapsed_primary_load
T28127253A,L3085401,a,X3085401A,ab,collapsed_primary_load
T21397067A,L2729413,a,X2729413A,ab,collapsed_primary_load
T5260520B,L3254915,b,X3254915B,ab,collapsed_primary_load
T5323250B,L2748131,b,X2748131B,ab,collapsed_primary_load
T5337659C,L3066810,c,X3066810C,ab,collapsed_primary_load
T28118903B,L2973146,b,X2973146B,ab,collapsed_primary_load
T21398646B,L2973180,b,X2973180B,ab,collapsed_primary_load
T5293656B,L2973167,b,X2973167B,ab,collapsed_primary_load
T5338910C,L2841621,c,X2841621C,ab,collapsed_primary_load
T28129923C,L3123509,c,X3123509C,ab,collapsed_primary_load
T5337716A,L2841627,a,X2841627A,ab,collapsed_primary_load
T5337698B,L3235250,b,X3235250B,ab,collapsed_primary_load
T2224386946A,L3728037,a,X3728037A,ab,collapsed_primary_load
T5330121B,L3142078,b,X3142078B,ab,collapsed_primary_load
T5323252B,L2879066,b,X2879066B,ab,collapsed_primary_load
T5441331C,L3235254,c,X3235254C,ab,collapsed_primary_load
T5260474A,L2917330,a,X2917330A,ab,collapsed_primary_load
T5355376B,L2914323,b,X2914323B,ab,collapsed_primary_load
T5338944C,L3197640,c,X3197640C,ab,collapsed_primary_load
T5260640C,L3179673,c,X3179673C,ab,collapsed_primary_load
T5274997C,L3048228,c,X3048228C,ab,collapsed_primary_load
T5138372C,L3104126,c,X3104126C,ab,collapsed_primary_load
T226308721A,L2990098,a,X2990098A,ab,collapsed_primary_load
T21380616A,L2879067,a,X2879067A,ab,collapsed_primary_load
T226193170A,L3176656,a,X3176656A,ab,collapsed_primary_load
T5293666C,L2710532,c,X2710532C,ab,collapsed_primary_load
T5338994B,L3160115,b,X3160115B,ab,collapsed_primary_load
T228665517C,L3103822,c,X3103822C,ab,collapsed_primary_load
T5260647A,L2805034,a,X2805034A,ab,collapsed_primary_load
T226115278A,L3157167,a,X3157167A,ab,collapsed_primary_load
T5338977A,L2916620,a,X2916620A,ab,collapsed_primary_load
T5338977B,L2916620,b,X2916620B,ab,collapsed_primary_load
T5338977C,L2916620,c,X2916620C,ab,collapsed_primary_load
T5321876A,L3027132,a,X3027132A,ab,collapsed_primary_load
T5275001C,L2822862,c,X2822862C,ab,collapsed_primary_load
T227411650C,L2937757,c,X2937757C,ab,collapsed_primary_load
T21396699B,L2860483,b,X2860483B,ab,collapsed_primary_load
T5302412A,L3048210,a,X3048210A,ab,collapsed_primary_load
T2223661373A,L3312692,a,X3312692A,ab,collapsed_primary_load
T226881700A,L3251854,a,X3251854A,ab,collapsed_primary_load
T5355777B,L3085398,b,X3085398B,ab,collapsed_primary_load
T5337671A,L3254207,a,X3254207A,ab,collapsed_primary_load
T5339018A,L2729424,a,X2729424A,ab,collapsed_primary_load
T21398676A,L3066816,a,X3066816A,ab,collapsed_primary_load
T5138469C,L2785518,c,X2785518C,ab,collapsed_primary_load
T5138373C,L3029503,c,X3029503C,ab,collapsed_primary_load
T5391995A,L2748140,a,X2748140A,ab,collapsed_primary_load
T225533423C,L2891575,c,X2891575C,ab,collapsed_primary_load
T5260568C,L2842329,c,X2842329C,ab,collapsed_primary_load
T5138754B,L3254212,b,X3254212B,ab,collapsed_primary_load
T5260552A,L3198348,a,X3198348A,ab,collapsed_primary_load
T5338968C,L3178979,c,X3178979C,ab,collapsed_primary_load
T5247061A,L2879054,a,X2879054A,ab,collapsed_primary_load
T5391746B,L3085388,b,X3085388B,ab,collapsed_primary_load
T5338941C,L2991914,c,X2991914C,ab,collapsed_primary_load
T5338982B,L2785534,b,X2785534B,ab,collapsed_primary_load
T5339008B,L3122835,b,X3122835B,ab,collapsed_primary_load
T21391094A,L3085395,a,X3085395A,ab,collapsed_primary_load
T5138581A,L2879064,a,X2879064A,ab,collapsed_primary_load
T5338979B,L3066814,b,X3066814B,ab,collapsed_primary_load
T226308720A,L2821087,a,X2821087A,ab,collapsed_primary_load
T5355595B,L2860479,b,X2860479B,ab,collapsed_primary_load
T2224387113A,L3728042,a,X3728042A,ab,collapsed_primary_load
T21397005A,L2935557,a,X2935557A,ab,collapsed_primary_load
T5274985C,L2822864,c,X2822864C,ab,collapsed_primary_load
T5321836A,L3235247,a,X3235247A,ab,collapsed_primary_load
T225673440A,L3251807,a,X3251807A,ab,collapsed_primary_load
T5337641C,L2804282,c,X2804282C,ab,collapsed_primary_load
T5293659C,L2935560,c,X2935560C,ab,collapsed_primary_load
T5339011B,L3104145,b,X3104145B,ab,collapsed_primary_load
T5218473A,L3086078,a,X3086078A,ab,collapsed_primary_load
T28121587A,L2860477,a,X2860477A,ab,collapsed_primary_load
T2224230689C,L3645811,c,X3645811C,ab,collapsed_primary_load
T227734175B,L3102793,b,X3102793B,ab,collapsed_primary_load
T5337694B,L2991910,b,X2991910B,ab,collapsed_primary_load
T21357515A,L2710511,a,X2710511A,ab,collapsed_primary_load
T28127390C,L2860486,c,X2860486C,ab,collapsed_primary_load
T21387929C,L2935551,c,X2935551C,ab,collapsed_primary_load
T5355605B,L2729409,b,X2729409B,ab,collapsed_primary_load
T5260630B,L2973833,b,X2973833B,ab,collapsed_primary_load
T5337660C,L2897769,c,X2897769C,ab,collapsed_primary_load
T5293663C,L3216368,c,X3216368C,ab,collapsed_primary_load
T5138719A,L2860490,a,X2860490A,ab,collapsed_primary_load
T5251858C,L2861158,c,X2861158C,ab,collapsed_primary_load
T5302804C,L3141399,c,X3141399C,ab,collapsed_primary_load
T5356062B,L3122816,b,X3122816B,ab,collapsed_primary_load
T5346639C,L2992556,c,X2992556C,ab,collapsed_primary_load
T5302508C,L2897779,c,X2897779C,ab,collapsed_primary_load
T5321881A,L2970811,a,X2970811A,ab,collapsed_primary_load
T5355433C,L2991933,c,X2991933C,ab,collapsed_primary_load
T21398402A,L2729428,a,X2729428A,ab,collapsed_primary_load
T21398563A,L3254216,a,X3254216A,ab,collapsed_primary_load
T21386771B,L2897807,b,X2897807B,ab,collapsed_primary_load
T5260648A,L2898522,a,X2898522A,ab,collapsed_primary_load
T5293490C,L3048230,c,X3048230C,ab,collapsed_primary_load
T225901711A,L3195327,a,X3195327A,ab,collapsed_primary_load
T227902981A,L3047058,a,X3047058A,ab,collapsed_primary_load
T5321853B,L2673313,b,X2673313B,ab,collapsed_primary_load
T2224237653A,L3649302,a,X3649302A,ab,collapsed_primary_load
T2224386592A,L3729297,a,X3729297A,ab,collapsed_primary_load
T5391990A,L2858163,a,X2858163A,ab,collapsed_primary_load
T226881057B,L3214112,b,X3214112B,ab,collapsed_primary_load
T225533531A,L2685805,a,X2685805A,ab,collapsed_primary_load
T5247056A,L2991912,a,X2991912A,ab,collapsed_primary_load
T227905262A,L3140238,a,X3140238A,ab,collapsed_primary_load
T21469960B,L3066830,b,X3066830B,ab,collapsed_primary_load
T5260511C,L3160878,c,X3160878C,ab,collapsed_primary_load
T5138346C,L2916609,c,X2916609C,ab,collapsed_primary_load
T225806974A,L2876814,a,X2876814A,ab,collapsed_primary_load
T5355944B,L3197646,b,X3197646B,ab,collapsed_primary_load
T5138569A,L2973151,a,X2973151A,ab,collapsed_primary_load
T5337625C,L3197627,c,X3197627C,ab,collapsed_primary_load
T5321874A,L2764412,a,X2764412A,ab,collapsed_primary_load
T5337713C,L2766716,c,X2766716C,ab,collapsed_primary_load
T5391757B,L2991917,b,X2991917B,ab,collapsed_primary_load
T5338998B,L3254229,b,X3254229B,ab,collapsed_primary_load
T5356064B,L2935556,b,X2935556B,ab,collapsed_primary_load
T5323275B,L3197660,b,X3197660B,ab,collapsed_primary_load
T21389237A,L2989565,a,X2989565A,ab,collapsed_primary_load
T2224230615C,L3645809,c,X3645809C,ab,collapsed_primary_load
T5260463B,L3086075,b,X3086075B,ab,collapsed_primary_load
T5302402A,L3122824,a,X3122824A,ab,collapsed_primary_load
T5355599B,L3216338,b,X3216338B,ab,collapsed_primary_load
T21393412B,L2729405,b,X2729405B,ab,collapsed_primary_load
T5356807A,L2823545,a,X2823545A,ab,collapsed_primary_load
T5293660B,L2916610,b,X2916610B,ab,collapsed_primary_load
T227731863A,L3177665,a,X3177665A,ab,collapsed_primary_load
T227760021A,L2803199,a,X2803199A,ab,collapsed_primary_load
T227760021B,L2803199,b,X2803199B,ab,collapsed_primary_load
T227760021C,L2803199,c,X2803199C,ab,collapsed_primary_load
T5391980A,L2691952,a,X2691952A,ab,collapsed_primary_load
T5338984A,L2748144,a,X2748144A,ab,collapsed_primary_load
T5337702B,L3029504,b,X3029504B,ab,collapsed_primary_load
T5337696B,L3197635,b,X3197635B,ab,collapsed_primary_load
T225577437C,L2724120,c,X2724120C,ab,collapsed_primary_load
T5337676A,L3235244,a,X3235244A,ab,collapsed_primary_load
T5323418A,L2804254,a,X2804254A,ab,collapsed_primary_load
T226192936B,L2820531,b,X2820531B,ab,collapsed_primary_load
T5337706B,L3254214,b,X3254214B,ab,collapsed_primary_load
T5339010B,L2691966,b,X2691966B,ab,collapsed_primary_load
T5391987A,L3122822,a,X3122822A,ab,collapsed_primary_load
T5310569A,L3197639,a,X3197639A,ab,collapsed_primary_load
T225869139A,L3120503,a,X3120503A,ab,collapsed_primary_load
T5337708B,L3216349,b,X3216349B,ab,collapsed_primary_load
T226308719B,L3027670,b,X3027670B,ab,collapsed_primary_load
T5337630C,L3085392,c,X3085392C,ab,collapsed_primary_load
T5138655A,L3010556,a,X3010556A,ab,collapsed_primary_load
T226194826A,L3232902,a,X3232902A,ab,collapsed_primary_load
T5356808A,L3101782,a,X3101782A,ab,collapsed_primary_load
T5355593B,L2766715,b,X2766715B,ab,collapsed_primary_load
T5356787C,L2970804,c,X2970804C,ab,collapsed_primary_load
T5321845B,L3178975,b,X3178975B,ab,collapsed_primary_load
T5337720A,L2841648,a,X2841648A,ab,collapsed_primary_load
T5337631C,L3029497,c,X3029497C,ab,collapsed_primary_load
T21486213B,L3029520,b,X3029520B,ab,collapsed_primary_load
T28127319B,L2766744,b,X2766744B,ab,collapsed_primary_load
T5337666B,L3029518,b,X3029518B,ab,collapsed_primary_load
T5356809A,L2936214,a,X2936214A,ab,collapsed_primary_load
T5323397B,L2954346,b,X2954346B,ab,collapsed_primary_load
T5337692B,L2879061,b,X2879061B,ab,collapsed_primary_load
T5339042B,L3141394,b,X3141394B,ab,collapsed_primary_load
T5260501B,L3142098,b,X3142098B,ab,collapsed_primary_load
T2224230754C,L3645812,c,X3645812C,ab,collapsed_primary_load
T5138563A,L2916627,a,X2916627A,ab,collapsed_primary_load
T5338936C,L3066815,c,X3066815C,ab,collapsed_primary_load
T5247185B,L3179678,b,X3179678B,ab,collapsed_primary_load
T21482181A,L3254237,a,X3254237A,ab,collapsed_primary_load
T5323280B,L2710512,b,X2710512B,ab,collapsed_primary_load
T5138264B,L3104125,b,X3104125B,ab,collapsed_primary_load
T5337679A,L3010559,a,X3010559A,ab,collapsed_primary_load
T21357984C,L2897790,c,X2897790C,ab,collapsed_primary_load
T5260553C,L2711225,c,X2711225C,ab,collapsed_primary_load
T5293523A,L2766729,a,X2766729A,ab,collapsed_primary_load
T5302507B,L3235275,b,X3235275B,ab,collapsed_primary_load
T2224387019A,L3728038,a,X3728038A,ab,collapsed_primary_load
T5355431C,L3048222,c,X3048222C,ab,collapsed_primary_load
T5138404C,L2841630,c,X2841630C,ab,collapsed_primary_load
T5138574A,L2991907,a,X2991907A,ab,collapsed_primary_load
T5138466C,L2973144,c,X2973144C,ab,collapsed_primary_load
T21397721A,L3178976,a,X3178976A,ab,collapsed_primary_load
T5337684A,L3159448,a,X3159448A,ab,collapsed_primary_load
T5339051C,L3231255,c,X3231255C,ab,collapsed_primary_load
T5337623C,L3197626,c,X3197626C,ab,collapsed_primary_load
T226308725B,L2802480,b,X2802480B,ab,collapsed_primary_load
T5356804A,L2823544,a,X2823544A,ab,collapsed_primary_load
T5355604B,L2841624,b,X2841624B,ab,collapsed_primary_load
T21459660C,L3101194,c,X3101194C,ab,collapsed_primary_load
T5337636C,L2841619,c,X2841619C,ab,collapsed_primary_load
T5260505C,L2861218,c,X2861218C,ab,collapsed_primary_load
T5325245B,L2710513,b,X2710513B,ab,collapsed_primary_load
T21385192C,L2879062,c,X2879062C,ab,collapsed_primary_load
T5260496B,L2879767,b,X2879767B,ab,collapsed_primary_load
T21399220C,L2766725,c,X2766725C,ab,collapsed_primary_load
T5337655C,L3141396,c,X3141396C,ab,collapsed_primary_load
T5330122B,L2879752,b,X2879752B,ab,collapsed_primary_load
T28148060C,L2991940,c,X2991940C,ab,collapsed_primary_load
T5302674A,L2673321,a,X2673321A,ab,collapsed_primary_load
T5355601B,L2673326,b,X2673326B,ab,collapsed_primary_load
T225533703C,L2925506,c,X2925506C,ab,collapsed_primary_load
T5356814C,L2730106,c,X2730106C,ab,collapsed_primary_load
T226196648A,L2820556,a,X2820556A,ab,collapsed_primary_load
T5321861C,L3235248,c,X3235248C,ab,collapsed_primary_load
T5355840B,L2822871,b,X2822871B,ab,collapsed_primary_load
T21243817A,L2955076,a,X2955076A,ab,collapsed_primary_load
T5260589B,L2955005,b,X2955005B,ab,collapsed_primary_load
T5338961C,L3254208,c,X3254208C,ab,collapsed_primary_load
T5337723A,L3178978,a,X3178978A,ab,collapsed_primary_load
T5138573A,L3235253,a,X3235253A,ab,collapsed_primary_load
T5321888C,L3235241,c,X3235241C,ab,collapsed_primary_load
T28148580B,L3197636,b,X3197636B,ab,collapsed_primary_load
T28126875B,L3066811,b,X3066811B,ab,collapsed_primary_load
T2224192013A,L3632979,a,X3632979A,ab,collapsed_primary_load
T5260532C,L3086074,c,X3086074C,ab,collapsed_primary_load
T21389831A,L2674051,a,X2674051A,ab,collapsed_primary_load
T21396331B,L3178981,b,X3178981B,ab,collapsed_primary_load
T227732939B,L3046854,b,X3046854B,ab,collapsed_primary_load
T5321856B,L2860506,b,X2860506B,ab,collapsed_primary_load
T5260625C,L3048966,c,X3048966C,ab,collapsed_primary_load
T5338950B,L2822872,b,X2822872B,ab,collapsed_primary_load
T226194419C,L3214071,c,X3214071C,ab,collapsed_primary_load
T5275247B,L2786273,b,X2786273B,ab,collapsed_primary_load
T5260518C,L3104853,c,X3104853C,ab,collapsed_primary_load
T5138259C,L2973158,c,X2973158C,ab,collapsed_primary_load
T5338926A,L3216123,a,X3216123A,ab,collapsed_primary_load
T5321855B,L2860485,b,X2860485B,ab,collapsed_primary_load
T5356800A,L3235946,a,X3235946A,ab,collapsed_primary_load
T5339047A,L2973148,a,X2973148A,ab,collapsed_primary_load
T5321894C,L3066829,c,X3066829C,ab,collapsed_primary_load
T5337627C,L3085393,c,X3085393C,ab,collapsed_primary_load
T5355358B,L2673322,b,X2673322B,ab,collapsed_primary_load
T22112371533C,L3263051,c,X3263051C,ab,collapsed_primary_load
T5323274B,L2860500,b,X2860500B,ab,collapsed_primary_load
T21396015A,L3048211,a,X3048211A,ab,collapsed_primary_load
T2224387074A,L3728041,a,X3728041A,ab,collapsed_primary_load
T5323237B,L3048199,b,X3048199B,ab,collapsed_primary_load
T5338949B,L3104136,b,X3104136B,ab,collapsed_primary_load
T5356015A,L2916599,a,X2916599A,ab,collapsed_primary_load
T5138718C,L3104134,c,X3104134C,ab,collapsed_primary_load
T5338959C,L2954344,c,X2954344C,ab,collapsed_primary_load
T5157718B,L3142099,b,X3142099B,ab,collapsed_primary_load
T5321884C,L2710515,c,X2710515C,ab,collapsed_primary_load
T5207286C,L3011298,c,X3011298C,ab,collapsed_primary_load
T5323263A,L3066812,a,X3066812A,ab,collapsed_primary_load
T21399707A,L3141403,a,X3141403A,ab,collapsed_primary_load
T226191772C,L3120484,c,X3120484C,ab,collapsed_primary_load
T5293667A,L2860504,a,X2860504A,ab,collapsed_primary_load
T5293424C,L2766750,c,X2766750C,ab,collapsed_primary_load
T5337709B,L2879077,b,X2879077B,ab,collapsed_primary_load
T5323391B,L3159037,b,X3159037B,ab,collapsed_primary_load
T28147899C,L3160793,c,X3160793C,ab,collapsed_primary_load
T226308717A,L3233412,a,X3233412A,ab,collapsed_primary_load
T28147018B,L2841620,b,X2841620B,ab,collapsed_primary_load
T21396815C,L3253995,c,X3253995C,ab,collapsed_primary_load
T5247184C,L2936279,c,X2936279C,ab,collapsed_primary_load
T5339043C,L2804277,c,X2804277C,ab,collapsed_primary_load
T5302405A,L2860489,a,X2860489A,ab,collapsed_primary_load
T227917127C,L2690868,c,X2690868C,ab,collapsed_primary_load
T5356788C,L3176661,c,X3176661C,ab,collapsed_primary_load
T5321886C,L2766746,c,X2766746C,ab,collapsed_primary_load
T5293657B,L3189189,b,X3189189B,ab,collapsed_primary_load
T5138237B,L3048196,b,X3048196B,ab,collapsed_primary_load
T5310560A,L2879074,a,X2879074A,ab,collapsed_primary_load
T5260598A,L3067478,a,X3067478A,ab,collapsed_primary_load
T5302373B,L2766726,b,X2766726B,ab,collapsed_primary_load
T5260476A,L2936271,a,X2936271A,ab,collapsed_primary_load
T21389092B,L2917328,b,X2917328B,ab,collapsed_primary_load
T5356063C,L3160103,c,X3160103C,ab,collapsed_primary_load
T2223878647B,L3448661,b,X3448661B,ab,collapsed_primary_load
T5354851B,L2991901,b,X2991901B,ab,collapsed_primary_load
T5338997B,L2860499,b,X2860499B,ab,collapsed_primary_load
T226193422B,L2726975,b,X2726975B,ab,collapsed_primary_load
T5391745B,L2673300,b,X2673300B,ab,collapsed_primary_load
T5251855C,L2730107,c,X2730107C,ab,collapsed_primary_load
T5339006B,L2916619,b,X2916619B,ab,collapsed_primary_load
T5355437C,L2710525,c,X2710525C,ab,collapsed_primary_load
T5391752B,L2804260,b,X2804260B,ab,collapsed_primary_load
T5338920A,L3197631,a,X3197631A,ab,collapsed_primary_load
T5338925A,L2973153,a,X2973153A,ab,collapsed_primary_load
T5138685A,L3122813,a,X3122813A,ab,collapsed_primary_load
T5338992B,L2935567,b,X2935567B,ab,collapsed_primary_load
T5260513C,L2917336,c,X2917336C,ab,collapsed_primary_load
T5302809C,L2954350,c,X2954350C,ab,collapsed_primary_load
T5323388B,L3234185,b,X3234185B,ab,collapsed_primary_load
T5138265A,L3160107,a,X3160107A,ab,collapsed_primary_load
T5338970A,L3141401,a,X3141401A,ab,collapsed_primary_load
T228445756C,L2972704,c,X2972704C,ab,collapsed_primary_load
T5138771A,L3197644,a,X3197644A,ab,collapsed_primary_load
T21471907A,L2897805,a,X2897805A,ab,collapsed_primary_load
T22112168880C,L2766499,c,X2766499C,ab,collapsed_primary_load
T5302469A,L3104132,a,X3104132A,ab,collapsed_primary_load
T5323286B,L2989564,b,X2989564B,ab,collapsed_primary_load
T5302735A,L2991923,a,X2991923A,ab,collapsed_primary_load
T5260529C,L3217053,c,X3217053C,ab,collapsed_primary_load
T5338933B,L3216345,b,X3216345B,ab,collapsed_primary_load
T5247059A,L2766721,a,X2766721A,ab,collapsed_primary_load
T226024307B,L3119793,b,X3119793B,ab,collapsed_primary_load
T5294788A,L2821010,a,X2821010A,ab,collapsed_primary_load
T5321890C,L3104118,c,X3104118C,ab,collapsed_primary_load
T5337678A,L3160101,a,X3160101A,ab,collapsed_primary_load
T5328364C,L2692633,c,X2692633C,ab,collapsed_primary_load
T5138374C,L2691950,c,X2691950C,ab,collapsed_primary_load
T5355603B,L3160108,b,X3160108B,ab,collapsed_primary_load
T5338999B,L2822873,b,X2822873B,ab,collapsed_primary_load
T5260586B,L3048887,b,X3048887B,ab,collapsed_primary_load
T5338995B,L3254227,b,X3254227B,ab,collapsed_primary_load
T5260484A,L2992624,a,X2992624A,ab,collapsed_primary_load
T227100746A,L3226771,a,X3226771A,ab,collapsed_primary_load
T5356794C,L3086002,c,X3086002C,ab,collapsed_primary_load
T5351020C,L3045895,c,X3045895C,ab,collapsed_primary_load
T5338935B,L2973160,b,X2973160B,ab,collapsed_primary_load
T226193078A,L2764403,a,X2764403A,ab,collapsed_primary_load
T21031694B,L3122812,b,X3122812B,ab,collapsed_primary_load
T226193892B,L3176660,b,X3176660B,ab,collapsed_primary_load
T21399619C,L2991943,c,X2991943C,ab,collapsed_primary_load
T5321887C,L2691941,c,X2691941C,ab,collapsed_primary_load
T225534325A,L2983432,a,X2983432A,ab,collapsed_primary_load
T228219458B,L3215549,b,X3215549B,ab,collapsed_primary_load
T5260543C,L2955077,c,X2955077C,ab,collapsed_primary_load
T5337722A,L2973157,a,X2973157A,ab,collapsed_primary_load
T5138379C,L2691951,c,X2691951C,ab,collapsed_primary_load
T5260480C,L3030199,c,X3030199C,ab,collapsed_primary_load
T21389307C,L2692655,c,X2692655C,ab,collapsed_primary_load
T21399752A,L2785546,a,X2785546A,ab,collapsed_primary_load
T21400185A,L2935559,a,X2935559A,ab,collapsed_primary_load
T5338927A,L2972930,a,X2972930A,ab,collapsed_primary_load
T5338922B,L2822866,b,X2822866B,ab,collapsed_primary_load
T21382813A,L2748781,a,X2748781A,ab,collapsed_primary_load
T2224230651C,L3645810,c,X3645810C,ab,collapsed_primary_load
T5138380C,L2879076,c,X2879076C,ab,collapsed_primary_load
T21031684A,L2841616,a,X2841616A,ab,collapsed_primary_load
T5338921A,L2935554,a,X2935554A,ab,collapsed_primary_load
T5337724A,L2879075,a,X2879075A,ab,collapsed_primary_load
T28150292A,L2839305,a,X2839305A,ab,collapsed_primary_load
T21249674B,L2879753,b,X2879753B,ab,collapsed_primary_load
T5138567A,L2748129,a,X2748129A,ab,collapsed_primary_load
T5247060A,L2991906,a,X2991906A,ab,collapsed_primary_load
T5391737B,L2804247,b,X2804247B,ab,collapsed_primary_load
T226194280B,L3195318,b,X3195318B,ab,collapsed_primary_load
T5251856C,L3048888,c,X3048888C,ab,collapsed_primary_load
T5274903C,L2935552,c,X2935552C,ab,collapsed_primary_load
T226193345A,L2876797,a,X2876797A,ab,collapsed_primary_load
T5391765B,L3085389,b,X3085389B,ab,collapsed_primary_load
T5323403B,L2916603,b,X2916603B,ab,collapsed_primary_load
T21209868A,L2710518,a,X2710518A,ab,collapsed_primary_load
T5260573C,L3160896,c,X3160896C,ab,collapsed_primary_load
T5302858C,L2897776,c,X2897776C,ab,collapsed_primary_load
T225940756B,L2913406,b,X2913406B,ab,collapsed_primary_load
T5392036B,L2991915,b,X2991915B,ab,collapsed_primary_load
T5260500B,L2711224,b,X2711224B,ab,collapsed_primary_load
T28128007C,L2897766,c,X2897766C,ab,collapsed_primary_load
T5138342C,L2897775,c,X2897775C,ab,collapsed_primary_load
T5391736B,L3029495,b,X3029495B,ab,collapsed_primary_load
T225571871B,L2911069,b,X2911069B,ab,collapsed_primary_load
T5338893A,L3197633,a,X3197633A,ab,collapsed_primary_load
T21373784A,L3066817,a,X3066817A,ab,collapsed_primary_load
T21455388C,L2879089,c,X2879089C,ab,collapsed_primary_load
T226193662A,L3195315,a,X3195315A,ab,collapsed_primary_load
T5355943C,L2785529,c,X2785529C,ab,collapsed_primary_load
T5260627A,L2992656,a,X2992656A,ab,collapsed_primary_load
T5260650A,L2692661,a,X2692661A,ab,collapsed_primary_load
T5339019A,L3160114,a,X3160114A,ab,collapsed_primary_load
T5337728A,L3082992,a,X3082992A,ab,collapsed_primary_load
T5391744B,L2710537,b,X2710537B,ab,collapsed_primary_load
T5293487B,L3254238,b,X3254238B,ab,collapsed_primary_load
T227447984C,L2862616,c,X2862616C,ab,collapsed_primary_load
T5302374B,L2785526,b,X2785526B,ab,collapsed_primary_load
T227921427A,L2915542,a,X2915542A,ab,collapsed_primary_load
T227921427B,L2915542,b,X2915542B,ab,collapsed_primary_load
T227921427C,L2915542,c,X2915542C,ab,collapsed_primary_load
T5310561A,L3122820,a,X3122820A,ab,collapsed_primary_load
T5338966C,L3029505,c,X3029505C,ab,collapsed_primary_load
T28127681B,L2785522,b,X2785522B,ab,collapsed_primary_load
T21474614C,L2710543,c,X2710543C,ab,collapsed_primary_load
T5260503B,L2917310,b,X2917310B,ab,collapsed_primary_load
T226159329A,L3082993,a,X3082993A,ab,collapsed_primary_load
T2224386617A,L3729298,a,X3729298A,ab,collapsed_primary_load
T5337619A,L2990826,a,X2990826A,ab,collapsed_primary_load
T5337619B,L2990826,b,X2990826B,ab,collapsed_primary_load
T5337619C,L2990826,c,X2990826C,ab,collapsed_primary_load
T5338985A,L2897792,a,X2897792A,ab,collapsed_primary_load
T5302509C,L2804261,c,X2804261C,ab,collapsed_primary_load
T227100753A,L3189190,a,X3189190A,ab,collapsed_primary_load
T5355375A,L2689691,a,X2689691A,ab,collapsed_primary_load
T5293681A,L3195751,a,X3195751A,ab,collapsed_primary_load
T5338957C,L2785517,c,X2785517C,ab,collapsed_primary_load
T5275007C,L2916606,c,X2916606C,ab,collapsed_primary_load
T21399112C,L3254217,c,X3254217C,ab,collapsed_primary_load
T21380156B,L2841641,b,X2841641B,ab,collapsed_primary_load
T5321840B,L2804256,b,X2804256B,ab,collapsed_primary_load
T28120183C,L3122818,c,X3122818C,ab,collapsed_primary_load
T5302732A,L2691953,a,X2691953A,ab,collapsed_primary_load
T5260487A,L2692654,a,X2692654A,ab,collapsed_primary_load
T5323279B,L3235246,b,X3235246B,ab,collapsed_primary_load
T5260542A,L2955078,a,X2955078A,ab,collapsed_primary_load
T226311345B,L3139598,b,X3139598B,ab,collapsed_primary_load
T21459651C,L2763812,c,X2763812C,ab,collapsed_primary_load
T5351019C,L2767414,c,X2767414C,ab,collapsed_primary_load
T5391749B,L2991918,b,X2991918B,ab,collapsed_primary_load
T5321159A,L3008248,a,X3008248A,ab,collapsed_primary_load
T5260515A,L3160865,a,X3160865A,ab,collapsed_primary_load
T5355606B,L3029510,b,X3029510B,ab,collapsed_primary_load
T5321891C,L2748126,c,X2748126C,ab,collapsed_primary_load
T21399826A,L3216358,a,X3216358A,ab,collapsed_primary_load
T5260458B,L2936276,b,X2936276B,ab,collapsed_primary_load
T22112168874C,L2729207,c,X2729207C,ab,collapsed_primary_load
T5337634C,L2897768,c,X2897768C,ab,collapsed_primary_load
T21386065C,L2917255,c,X2917255C,ab,collapsed_primary_load
T226192890C,L2933120,c,X2933120C,ab,collapsed_primary_load
T225498968B,L2684420,b,X2684420B,ab,collapsed_primary_load
T5391986A,L2766723,a,X2766723A,ab,collapsed_primary_load
T5138645B,L3104120,b,X3104120B,ab,collapsed_primary_load
T5337693B,L3066813,b,X3066813B,ab,collapsed_primary_load
T5323236B,L2822860,b,X2822860B,ab,collapsed_primary_load
T226197070A,L2933135,a,X2933135A,ab,collapsed_primary_load
T2224237384A,L3649298,a,X3649298A,ab,collapsed_primary_load
T5391755B,L3104130,b,X3104130B,ab,collapsed_primary_load
T5338986A,L2785538,a,X2785538A,ab,collapsed_primary_load
T5293423B,L3122849,b,X3122849B,ab,collapsed_primary_load
T5260475A,L2879794,a,X2879794A,ab,collapsed_primary_load
T5338894A,L2879069,a,X2879069A,ab,collapsed_primary_load
T5138560A,L3104113,a,X3104113A,ab,collapsed_primary_load
T5260473A,L2861222,a,X2861222A,ab,collapsed_primary_load
T21197413C,L3141411,c,X3141411C,ab,collapsed_primary_load
T5294843A,L3178982,a,X3178982A,ab,collapsed_primary_load
T5247036C,L3029498,c,X3029498C,ab,collapsed_primary_load
T5355843A,L2952013,a,X2952013A,ab,collapsed_primary_load
T5391751B,L2860488,b,X2860488B,ab,collapsed_primary_load
T5302812C,L2691945,c,X2691945C,ab,collapsed_primary_load
T226308731A,L3214549,a,X3214549A,ab,collapsed_primary_load
T21396867A,L2710536,a,X2710536A,ab,collapsed_primary_load
T5356811A,L2804956,a,X2804956A,ab,collapsed_primary_load
T5302811C,L3160105,c,X3160105C,ab,collapsed_primary_load
T5294845A,L3010563,a,X3010563A,ab,collapsed_primary_load
T2224237380A,L3649297,a,X3649297A,ab,collapsed_primary_load
T21386877A,L2823611,a,X2823611A,ab,collapsed_primary_load
T5138586C,L2860487,c,X2860487C,ab,collapsed_primary_load
T5247122B,L3197629,b,X3197629B,ab,collapsed_primary_load
T5323400B,L2691943,b,X2691943B,ab,collapsed_primary_load
T21397029A,L2673311,a,X2673311A,ab,collapsed_primary_load
T5356791C,L2767343,c,X2767343C,ab,collapsed_primary_load
T5337646B,L2879063,b,X2879063B,ab,collapsed_primary_load
T5138716C,L3254219,c,X3254219C,ab,collapsed_primary_load
T5339004B,L3197653,b,X3197653B,ab,collapsed_primary_load
T5355602B,L3251806,b,X3251806B,ab,collapsed_primary_load
T5337653B,L2673308,b,X2673308B,ab,collapsed_primary_load
T5323233B,L3254203,b,X3254203B,ab,collapsed_primary_load
T28120126A,L2814529,a,X2814529A,ab,collapsed_primary_load
T28120126B,L2814529,b,X2814529B,ab,collapsed_primary_load
T28120126C,L2814529,c,X2814529C,ab,collapsed_primary_load
T5223658A,L2823592,a,X2823592A,ab,collapsed_primary_load
T5138652C,L2766718,c,X2766718C,ab,collapsed_primary_load
T227678342C,L2727795,c,X2727795C,ab,collapsed_primary_load
T21249647B,L2955055,b,X2955055B,ab,collapsed_primary_load
T5337700B,L2766722,b,X2766722B,ab,collapsed_primary_load
T5356790C,L2804957,c,X2804957C,ab,collapsed_primary_load
T5302392A,L3010570,a,X3010570A,ab,collapsed_primary_load
T2224237391A,L3649299,a,X3649299A,ab,collapsed_primary_load
T5138470C,L2766717,c,X2766717C,ab,collapsed_primary_load
T5260581C,L3254870,c,X3254870C,ab,collapsed_primary_load
T226191951B,L2801895,b,X2801895B,ab,collapsed_primary_load
T5392037B,L2673320,b,X2673320B,ab,collapsed_primary_load
T5138797B,L3198358,b,X3198358B,ab,collapsed_primary_load
T5251857C,L3064514,c,X3064514C,ab,collapsed_primary_load
T5293644A,L2729429,a,X2729429A,ab,collapsed_primary_load
T21396606C,L2785525,c,X2785525C,ab,collapsed_primary_load
T21395720C,L2860492,c,X2860492C,ab,collapsed_primary_load
T5338897A,L2973154,a,X2973154A,ab,collapsed_primary_load
T5355935A,L2691973,a,X2691973A,ab,collapsed_primary_load
T5274988C,L3085394,c,X3085394C,ab,collapsed_primary_load
T5323282B,L2897791,b,X2897791B,ab,collapsed_primary_load
T226109079A,L2726983,a,X2726983A,ab,collapsed_primary_load
T5207287B,L2711234,b,X2711234B,ab,collapsed_primary_load
T5302510C,L3178980,c,X3178980C,ab,collapsed_primary_load
T2224387053A,L3728039,a,X3728039A,ab,collapsed_primary_load
T5260631A,L2786266,a,X2786266A,ab,collapsed_primary_load
T5355618B,L2954338,b,X2954338B,ab,collapsed_primary_load
T5260575B,L3254869,b,X3254869B,ab,collapsed_primary_load
T5350993C,L3198356,c,X3198356C,ab,collapsed_primary_load
T5260481C,L2730163,c,X2730163C,ab,collapsed_primary_load
T5260641B,L3048965,b,X3048965B,ab,collapsed_primary_load
T5337650A,L3010561,a,X3010561A,ab,collapsed_primary_load
T5355780B,L3160102,b,X3160102B,ab,collapsed_primary_load
T5275002C,L3066806,c,X3066806C,ab,collapsed_primary_load
T21452406B,L3216361,b,X3216361B,ab,collapsed_primary_load
T21399326C,L2879092,c,X2879092C,ab,collapsed_primary_load
T5338964C,L3104117,c,X3104117C,ab,collapsed_primary_load
T28119958B,L2935568,b,X2935568B,ab,collapsed_primary_load
T21381118B,L2710530,b,X2710530B,ab,collapsed_primary_load
T5337673A,L2841618,a,X2841618A,ab,collapsed_primary_load
T2224387138A,L3728043,a,X3728043A,ab,collapsed_primary_load
T5323243B,L2897765,b,X2897765B,ab,collapsed_primary_load
T5138564A,L2804283,a,X2804283A,ab,collapsed_primary_load
T223400157C,L3150961,c,X3150961C,ab,collapsed_primary_load
T227989724B,L2859391,b,X2859391B,ab,collapsed_primary_load
T5355592B,L3254206,b,X3254206B,ab,collapsed_primary_load
T5138565A,L3104122,a,X3104122A,ab,collapsed_primary_load
T5138720A,L3254218,a,X3254218A,ab,collapsed_primary_load
T5338913B,L2804255,b,X2804255B,ab,collapsed_primary_load
T21470326A,L2766748,a,X2766748A,ab,collapsed_primary_load
T5355600B,L2691938,b,X2691938B,ab,collapsed_primary_load
T226308728A,L3027671,a,X3027671A,ab,collapsed_primary_load
T5323265B,L2860501,b,X2860501B,ab,collapsed_primary_load
T5391750B,L2897764,b,X2897764B,ab,collapsed_primary_load
T5260494B,L3068944,b,X3068944B,ab,collapsed_primary_load
T5138770A,L2897781,a,X2897781A,ab,collapsed_primary_load
T5302637A,L2748132,a,X2748132A,ab,collapsed_primary_load
T5302367B,L2766727,b,X2766727B,ab,collapsed_primary_load
T5391739B,L2954339,b,X2954339B,ab,collapsed_primary_load
T28120855A,L2673316,a,X2673316A,ab,collapsed_primary_load
T2224237713A,L3649304,a,X3649304A,ab,collapsed_primary_load
T5323241B,L2710508,b,X2710508B,ab,collapsed_primary_load
T5138679A,L2710520,a,X2710520A,ab,collapsed_primary_load
T5302813C,L3010567,c,X3010567C,ab,collapsed_primary_load
T226193745B,L2876798,b,X2876798B,ab,collapsed_primary_load
T228314460C,L3253570,c,X3253570C,ab,collapsed_primary_load
T5391977A,L3216350,a,X3216350A,ab,collapsed_primary_load
T5321854B,L2804257,b,X2804257B,ab,collapsed_primary_load
T5356789C,L3048937,c,X3048937C,ab,collapsed_primary_load
T5338973A,L2748157,a,X2748157A,ab,collapsed_primary_load
T226193838C,L3008237,c,X3008237C,ab,collapsed_primary_load
T5293652A,L3235258,a,X3235258A,ab,collapsed_primary_load
T5293652B,L3235258,b,X3235258B,ab,collapsed_primary_load
T5293652C,L3235258,c,X3235258C,ab,collapsed_primary_load
T5338978C,L2766738,c,X2766738C,ab,collapsed_primary_load
T5337703B,L2691948,b,X2691948B,ab,collapsed_primary_load
T21393570C,L2674052,c,X2674052C,ab,collapsed_primary_load
T0107693B,L3160868,b,X3160868B,ab,collapsed_primary_load
T28128464C,L3048889,c,X3048889C,ab,collapsed_primary_load
T5260572C,L3236004,c,X3236004C,ab,collapsed_primary_load
T5293519B,L3235255,b,X3235255B,ab,collapsed_primary_load
T21386157A,L3067447,a,X3067447A,ab,collapsed_primary_load
T226163575B,L2989432,b,X2989432B,ab,collapsed_primary_load
T5302514A,L2973164,a,X2973164A,ab,collapsed_primary_load
T5138343C,L3010565,c,X3010565C,ab,collapsed_primary_load
T226192762B,L2689678,b,X2689678B,ab,collapsed_primary_load
T5157717B,L2748840,b,X2748840B,ab,collapsed_primary_load
T5260602B,L2989566,b,X2989566B,ab,collapsed_primary_load
T5138416C,L3141388,c,X3141388C,ab,collapsed_primary_load
T21397771A,L2673317,a,X2673317A,ab,collapsed_primary_load
T21399171C,L2822870,c,X2822870C,ab,collapsed_primary_load
T226191779C,L2745799,c,X2745799C,ab,collapsed_primary_load
T5207291C,L2786274,c,X2786274C,ab,collapsed_primary_load
T5302679A,L2897772,a,X2897772A,ab,collapsed_primary_load
T5441854C,L2935566,c,X2935566C,ab,collapsed_primary_load
T228532641A,L3091052,a,X3091052A,ab,collapsed_primary_load
T5138776C,L3010566,c,X3010566C,ab,collapsed_primary_load
T5302410A,L3104131,a,X3104131A,ab,collapsed_primary_load
T5356010A,L3216336,a,X3216336A,ab,collapsed_primary_load
T226192994A,L2858166,a,X2858166A,ab,collapsed_primary_load
T5337629C,L2748128,c,X2748128C,ab,collapsed_primary_load
T5338967C,L2673318,c,X2673318C,ab,collapsed_primary_load
T21397304A,L2973169,a,X2973169A,ab,collapsed_primary_load
T5310570A,L3160106,a,X3160106A,ab,collapsed_primary_load
T5260637C,L2842384,c,X2842384C,ab,collapsed_primary_load
T5260577C,L2767341,c,X2767341C,ab,collapsed_primary_load
T5293658C,L3189188,c,X3189188C,ab,collapsed_primary_load
T21482279A,L2710544,a,X2710544A,ab,collapsed_primary_load
T21015706A,L3160123,a,X3160123A,ab,collapsed_primary_load
T5355607B,L2991927,b,X2991927B,ab,collapsed_primary_load
T21483138A,L3122847,a,X3122847A,ab,collapsed_primary_load
T226192492B,L3008232,b,X3008232B,ab,collapsed_primary_load
T5260591B,L3179607,b,X3179607B,ab,collapsed_primary_load
T5293486C,L2673346,c,X2673346C,ab,collapsed_primary_load
T5337690B,L3104127,b,X3104127B,ab,collapsed_primary_load
T5356805A,L3195321,a,X3195321A,ab,collapsed_primary_load
T5338963C,L2673303,c,X2673303C,ab,collapsed_primary_load
T5294789A,L2895461,a,X2895461A,ab,collapsed_primary_load
T226192684A,L3027116,a,X3027116A,ab,collapsed_primary_load
T21475841A,L2992657,a,X2992657A,ab,collapsed_primary_load
T5337642C,L3104154,c,X3104154C,ab,collapsed_primary_load
T21451973B,L3010580,b,X3010580B,ab,collapsed_primary_load
T2224386863A,L3727710,a,X3727710A,ab,collapsed_primary_load
T5351021C,L2692664,c,X2692664C,ab,collapsed_primary_load
T21384099A,L3215385,a,X3215385A,ab,collapsed_primary_load
T21384099B,L3215385,b,X3215385B,ab,collapsed_primary_load
T21384099C,L3215385,c,X3215385C,ab,collapsed_primary_load
T21397645A,L2860493,a,X2860493A,ab,collapsed_primary_load
T227896008C,L3177881,c,X3177881C,ab,collapsed_primary_load
T2224386842A,L3727709,a,X3727709A,ab,collapsed_primary_load
T5138752B,L2785528,b,X2785528B,ab,collapsed_primary_load
T5339012B,L2973171,b,X2973171B,ab,collapsed_primary_load
T5138412C,L2785523,c,X2785523C,ab,collapsed_primary_load
T2224237546A,L3649300,a,X3649300A,ab,collapsed_primary_load
T5302861C,L2748133,c,X2748133C,ab,collapsed_primary_load
T21399630A,L3233353,a,X3233353A,ab,collapsed_primary_load
T5337705B,L2785547,b,X2785547B,ab,collapsed_primary_load
T5323277B,L2897800,b,X2897800B,ab,collapsed_primary_load
T5337652B,L2991939,b,X2991939B,ab,collapsed_primary_load
T225571845B,L2948732,b,X2948732B,ab,collapsed_primary_load
T5247162B,L0247162,b,X0247162B,ab,collapsed_primary_load
T5247126B,L2879065,b,X2879065B,ab,collapsed_primary_load
T5138561A,L3104121,a,X3104121A,ab,collapsed_primary_load
T5293425A,L2763153,a,X2763153A,ab,collapsed_primary_load
T5294786C,L2766724,c,X2766724C,ab,collapsed_primary_load
T5260491C,L2805031,c,X2805031C,ab,collapsed_primary_load
T5275248B,L2805036,b,X2805036B,ab,collapsed_primary_load
T5339044C,L3197625,c,X3197625C,ab,collapsed_primary_load
T5356810C,L3142049,c,X3142049C,ab,collapsed_primary_load
T2223703238C,L3342743,c,X3342743C,ab,collapsed_primary_load
T28044328C,L2785524,c,X2785524C,ab,collapsed_primary_load
T5293665C,L2973166,c,X2973166C,ab,collapsed_primary_load
T225533675B,L3225319,b,X3225319B,ab,collapsed_primary_load
T226191850A,L3270814,a,X3270814A,ab,collapsed_primary_load
T5338899C,L3122814,c,X3122814C,ab,collapsed_primary_load
T5337628C,L2897770,c,X2897770C,ab,collapsed_primary_load
T5355767B,L3197634,b,X3197634B,ab,collapsed_primary_load
T0107636A,L3030204,a,X3030204A,ab,collapsed_primary_load
T226308729B,L3102286,b,X3102286B,ab,collapsed_primary_load
T226195333C,L2801909,c,X2801909C,ab,collapsed_primary_load
T5337669A,L3122811,a,X3122811A,ab,collapsed_primary_load
T5338942A,L2822869,a,X2822869A,ab,collapsed_primary_load
T21474556A,L3086098,a,X3086098A,ab,collapsed_primary_load
T225897846A,L3120504,a,X3120504A,ab,collapsed_primary_load
T2224386889A,L3727712,a,X3727712A,ab,collapsed_primary_load
T5294842A,L3101789,a,X3101789A,ab,collapsed_primary_load
T5138647C,L3254210,c,X3254210C,ab,collapsed_primary_load
T5260464A,L2730187,a,X2730187A,ab,collapsed_primary_load
T5337648B,L3216367,b,X3216367B,ab,collapsed_primary_load
T5275000C,L2710509,c,X2710509C,ab,collapsed_primary_load
T5337674A,L3066805,a,X3066805A,ab,collapsed_primary_load
T5338932C,L3197661,c,X3197661C,ab,collapsed_primary_load
T5356793C,L3179608,c,X3179608C,ab,collapsed_primary_load
T228549643A,L2916234,a,X2916234A,ab,collapsed_primary_load
T5302471A,L3085402,a,X3085402A,ab,collapsed_primary_load
T225897943C,L2875754,c,X2875754C,ab,collapsed_primary_load
T5355590B,L2860478,b,X2860478B,ab,collapsed_primary_load
T5247164B,L2766732,b,X2766732B,ab,collapsed_primary_load
T5207288B,L3198355,b,X3198355B,ab,collapsed_primary_load
T227895952A,L3065665,a,X3065665A,ab,collapsed_primary_load
T21148701B,L2897771,b,X2897771B,ab,collapsed_primary_load
T5138294B,L2785516,b,X2785516B,ab,collapsed_primary_load
T22112168866C,L2729206,c,X2729206C,ab,collapsed_primary_load
T226192185A,L3195310,a,X3195310A,ab,collapsed_primary_load
T21458756C,L3232301,c,X3232301C,ab,collapsed_primary_load
T5260624C,L3048946,c,X3048946C,ab,collapsed_primary_load
T5251867C,L2861157,c,X2861157C,ab,collapsed_primary_load
T228580047B,L3029183,b,X3029183B,ab,collapsed_primary_load
T5138684A,L3085396,a,X3085396A,ab,collapsed_primary_load
T5138570A,L2748146,a,X2748146A,ab,collapsed_primary_load
T21399361B,L2691954,b,X2691954B,ab,collapsed_primary_load
T226193134C,L2895449,c,X2895449C,ab,collapsed_primary_load
T5138258C,L2991911,c,X2991911C,ab,collapsed_primary_load
T5293609C,L2785515,c,X2785515C,ab,collapsed_primary_load
T5355938A,L2804262,a,X2804262A,ab,collapsed_primary_load
T5247160B,L0247160,b,X0247160B,ab,collapsed_primary_load
T5338975A,L2785537,a,X2785537A,ab,collapsed_primary_load
T5302860C,L3122819,c,X3122819C,ab,collapsed_primary_load
T5355598B,L2804245,b,X2804245B,ab,collapsed_primary_load
T5323254B,L2879068,b,X2879068B,ab,collapsed_primary_load
T21391242B,L2767409,b,X2767409B,ab,collapsed_primary_load
T225533162A,L2685809,a,X2685809A,ab,collapsed_primary_load
T5138585C,L3197637,c,X3197637C,ab,collapsed_primary_load
T5138751B,L3066818,b,X3066818B,ab,collapsed_primary_load
T225906836C,L2763407,c,X2763407C,ab,collapsed_primary_load
T5260527B,L2711226,b,X2711226B,ab,collapsed_primary_load
T5338947B,L3160109,b,X3160109B,ab,collapsed_primary_load
T5321839A,L2710516,a,X2710516A,ab,collapsed_primary_load
T5293591A,L3197641,a,X3197641A,ab,collapsed_primary_load
T5302805C,L2954351,c,X2954351C,ab,collapsed_primary_load
T5338993B,L2804272,b,X2804272B,ab,collapsed_primary_load
T5138566A,L2785519,a,X2785519A,ab,collapsed_primary_load
T5356797C,L2955006,c,X2955006C,ab,collapsed_primary_load
T5338924C,L3104123,c,X3104123C,ab,collapsed_primary_load
T5293655A,L2729414,a,X2729414A,ab,collapsed_primary_load
T5293655B,L2729414,b,X2729414B,ab,collapsed_primary_load
T5293655C,L2729414,c,X2729414C,ab,collapsed_primary_load
T5260643A,L2692660,a,X2692660A,ab,collapsed_primary_load
T5338987A,L2897793,a,X2897793A,ab,collapsed_primary_load
T5302807C,L3235266,c,X3235266C,ab,collapsed_primary_load
T227917122A,L2915534,a,X2915534A,ab,collapsed_primary_load
T28127372A,L2804259,a,X2804259A,ab,collapsed_primary_load
T226192493B,L2764399,b,X2764399B,ab,collapsed_primary_load
T5337635C,L2822863,c,X2822863C,ab,collapsed_primary_load
T5218475A,L3217057,a,X3217057A,ab,collapsed_primary_load
T227760024A,L3215203,a,X3215203A,ab,collapsed_primary_load
T227760024B,L3215203,b,X3215203B,ab,collapsed_primary_load
T227760024C,L3215203,c,X3215203C,ab,collapsed_primary_load
T21399305A,L3048221,a,X3048221A,ab,collapsed_primary_load
T5260517C,L2767408,c,X2767408C,ab,collapsed_primary_load
T21397121C,L3122848,c,X3122848C,ab,collapsed_primary_load
T21399099A,L2841635,a,X2841635A,ab,collapsed_primary_load
T5302375B,L2973162,b,X2973162B,ab,collapsed_primary_load
T5338953B,L3122821,b,X3122821B,ab,collapsed_primary_load
T5260574C,L3123452,c,X3123452C,ab,collapsed_primary_load
T5391992A,L3029500,a,X3029500A,ab,collapsed_primary_load
T5323264B,L3216344,b,X3216344B,ab,collapsed_primary_load
T5338962C,L2748125,c,X2748125C,ab,collapsed_primary_load
T5138755B,L2785520,b,X2785520B,ab,collapsed_primary_load
T5338956A,L3104119,a,X3104119A,ab,collapsed_primary_load
T5310568A,L2710517,a,X2710517A,ab,collapsed_primary_load
T5337647A,L3048227,a,X3048227A,ab,collapsed_primary_load
T28120195B,L3048209,b,X3048209B,ab,collapsed_primary_load
T5293521A,L3216370,a,X3216370A,ab,collapsed_primary_load
T5293521B,L3216370,b,X3216370B,ab,collapsed_primary_load
T5293521C,L3216370,c,X3216370C,ab,collapsed_primary_load
T5302677A,L3066819,a,X3066819A,ab,collapsed_primary_load
T5355778C,L2673314,c,X2673314C,ab,collapsed_primary_load
T5302369B,L3197643,b,X3197643B,ab,collapsed_primary_load
T227917130C,L2803194,c,X2803194C,ab,collapsed_primary_load
T5339007B,L2916617,b,X2916617B,ab,collapsed_primary_load
T2224490448C,L3778577,c,X3778577C,ab,collapsed_primary_load
T5337710B,L2991916,b,X2991916B,ab,collapsed_primary_load
T22112168870C,L2897554,c,X2897554C,ab,collapsed_primary_load
T21396796B,L3141397,b,X3141397B,ab,collapsed_primary_load
T5321852C,L2916608,c,X2916608C,ab,collapsed_primary_load
T226193899B,L3082983,b,X3082983B,ab,collapsed_primary_load
T5323244B,L2804248,b,X2804248B,ab,collapsed_primary_load
T5355937A,L2841639,a,X2841639A,ab,collapsed_primary_load
T21395962A,L3197645,a,X3197645A,ab,collapsed_primary_load
T5223661C,L2730108,c,X2730108C,ab,collapsed_primary_load
T5337643C,L2897806,c,X2897806C,ab,collapsed_primary_load
T5302810C,L3178977,c,X3178977C,ab,collapsed_primary_load
T5391976C,L2841631,c,X2841631C,ab,collapsed_primary_load
T5356796C,L3235945,c,X3235945C,ab,collapsed_primary_load
T5260502B,L2748839,b,X2748839B,ab,collapsed_primary_load
T225991691A,L2989571,a,X2989571A,ab,collapsed_primary_load
T2224061203C,L3552667,c,X3552667C,ab,collapsed_primary_load
T5138413C,L3216347,c,X3216347C,ab,collapsed_primary_load
T5323287B,L2897789,b,X2897789B,ab,collapsed_primary_load
T5321847B,L3160100,b,X3160100B,ab,collapsed_primary_load
T5337687B,L2973156,b,X2973156B,ab,collapsed_primary_load
T5302474A,L3048214,a,X3048214A,ab,collapsed_primary_load
T21357865A,L2766719,a,X2766719A,ab,collapsed_primary_load
T5355597B,L2729401,b,X2729401B,ab,collapsed_primary_load
T229106135C,L2991640,c,X2991640C,ab,collapsed_primary_load
T226264795A,L3139366,a,X3139366A,ab,collapsed_primary_load
T5337729A,L2728247,a,X2728247A,ab,collapsed_primary_load
T5337729B,L2728247,b,X2728247B,ab,collapsed_primary_load
T5337729C,L2728247,c,X2728247C,ab,collapsed_primary_load
T5293608C,L2673306,c,X2673306C,ab,collapsed_primary_load
T5355936A,L2954357,a,X2954357A,ab,collapsed_primary_load
T28149184C,L3141395,c,X3141395C,ab,collapsed_primary_load
T226193338A,L2876796,a,X2876796A,ab,collapsed_primary_load
T5391979C,L3197642,c,X3197642C,ab,collapsed_primary_load
T5251862C,L3254873,c,X3254873C,ab,collapsed_primary_load
T5355591B,L2822858,b,X2822858B,ab,collapsed_primary_load
T2224387062A,L3728040,a,X3728040A,ab,collapsed_primary_load
T226193361B,L3157710,b,X3157710B,ab,collapsed_primary_load
T5323267B,L2710514,b,X2710514B,ab,collapsed_primary_load
T226924200B,L2763072,b,X2763072B,ab,collapsed_primary_load
T5302676A,L2710519,a,X2710519A,ab,collapsed_primary_load
T2224386874A,L3727711,a,X3727711A,ab,collapsed_primary_load
T5356009A,L2691936,a,X2691936A,ab,collapsed_primary_load
T5138641C,L2841638,c,X2841638C,ab,collapsed_primary_load
T5337714C,L3254209,c,X3254209C,ab,collapsed_primary_load
T21380453A,L3010557,a,X3010557A,ab,collapsed_primary_load
T226191778C,L2820528,c,X2820528C,ab,collapsed_primary_load
T226029836A,L3251808,a,X3251808A,ab,collapsed_primary_load
T2224237718A,L3649305,a,X3649305A,ab,collapsed_primary_load
T226194093A,L3157718,a,X3157718A,ab,collapsed_primary_load
T5302673A,L3010569,a,X3010569A,ab,collapsed_primary_load
T5293522A,L2785527,a,X2785527A,ab,collapsed_primary_load
T227917133C,L3047073,c,X3047073C,ab,collapsed_primary_load
T2224238167A,L3649306,a,X3649306A,ab,collapsed_primary_load
T5293592A,L2973161,a,X2973161A,ab,collapsed_primary_load
T225918926B,L2688692,b,X2688692B,ab,collapsed_primary_load
T5138717C,L3254220,c,X3254220C,ab,collapsed_primary_load
T5356007A,L3141389,a,X3141389A,ab,collapsed_primary_load
T5356008A,L3197618,a,X3197618A,ab,collapsed_primary_load
T226193696A,L3143999,a,X3143999A,ab,collapsed_primary_load
T5337689B,L2691949,b,X2691949B,ab,collapsed_primary_load
T5337624C,L3066807,c,X3066807C,ab,collapsed_primary_load
T5321880A,L2876812,a,X2876812A,ab,collapsed_primary_load
T5392038B,L2841634,b,X2841634B,ab,collapsed_primary_load
T5337712C,L3235245,c,X3235245C,ab,collapsed_primary_load
T21399508A,L3104135,a,X3104135A,ab,collapsed_primary_load
T5294809A,L2952014,a,X2952014A,ab,collapsed_primary_load
T5274994C,L3048205,c,X3048205C,ab,collapsed_primary_load
T5260461B,L2861223,b,X2861223B,ab,collapsed_primary_load
T5223655C,L2936268,c,X2936268C,ab,collapsed_primary_load
T5138465C,L2879055,c,X2879055C,ab,collapsed_primary_load
T5323387B,L2690941,b,X2690941B,ab,collapsed_primary_load
T5338918A,L2897773,a,X2897773A,ab,collapsed_primary_load
T5260561C,L3104850,c,X3104850C,ab,collapsed_primary_load
T226192846B,L3139086,b,X3139086B,ab,collapsed_primary_load
T2224386750A,L3727707,a,X3727707A,ab,collapsed_primary_load
T5260576C,L3030126,c,X3030126C,ab,collapsed_primary_load
T5391756B,L2879079,b,X2879079B,ab,collapsed_primary_load
T5391994A,L3066821,a,X3066821A,ab,collapsed_primary_load
T5337715A,L3254204,a,X3254204A,ab,collapsed_primary_load
T28150172A,L2748135,a,X2748135A,ab,collapsed_primary_load
T5294844A,L2841623,a,X2841623A,ab,collapsed_primary_load
T5337699B,L2954349,b,X2954349B,ab,collapsed_primary_load
T226194002B,L2801902,b,X2801902B,ab,collapsed_primary_load
T5321851B,L2729434,b,X2729434B,ab,collapsed_primary_load
T5260555A,L3048962,a,X3048962A,ab,collapsed_primary_load
T226101460A,L2857591,a,X2857591A,ab,collapsed_primary_load
T28128517C,L3048890,c,X3048890C,ab,collapsed_primary_load
T5260567C,L2936211,c,X2936211C,ab,collapsed_primary_load
T5338981B,L2820535,b,X2820535B,ab,collapsed_primary_load
T225533215C,L3097861,c,X3097861C,ab,collapsed_primary_load
T5391743B,L3141390,b,X3141390B,ab,collapsed_primary_load
T5391996A,L3141412,a,X3141412A,ab,collapsed_primary_load
T28118822A,L2991920,a,X2991920A,ab,collapsed_primary_load
T5260558C,L3160861,c,X3160861C,ab,collapsed_primary_load
T5355842A,L2876813,a,X2876813A,ab,collapsed_primary_load
T5338943C,L2729410,c,X2729410C,ab,collapsed_primary_load
T5293492C,L2841637,c,X2841637C,ab,collapsed_primary_load
T5355779C,L3122817,c,X3122817C,ab,collapsed_primary_load
T5260457B,L3086079,b,X3086079B,ab,collapsed_primary_load
T21393454B,L3179699,b,X3179699B,ab,collapsed_primary_load
T5321848B,L3085390,b,X3085390B,ab,collapsed_primary_load
T5338960C,L2897767,c,X2897767C,ab,collapsed_primary_load
T5356065B,L3104124,b,X3104124B,ab,collapsed_primary_load
T5138646A,L2804251,a,X2804251A,ab,collapsed_primary_load
T5337654C,L3066808,c,X3066808C,ab,collapsed_primary_load
T5337691B,L2897774,b,X2897774B,ab,collapsed_primary_load
T5391738B,L3104115,b,X3104115B,ab,collapsed_primary_load
T5247171B,L0247171,b,X0247171B,ab,collapsed_primary_load
T226192175C,L3214055,c,X3214055C,ab,collapsed_primary_load
T5328367C,L3104830,c,X3104830C,ab,collapsed_primary_load
T5247084B,L3254211,b,X3254211B,ab,collapsed_primary_load
T5247100B,L2729407,b,X2729407B,ab,collapsed_primary_load
T226101449A,L3027133,a,X3027133A,ab,collapsed_primary_load
T5321838A,L2691944,a,X2691944A,ab,collapsed_primary_load
T226194262C,L2745806,c,X2745806C,ab,collapsed_primary_load
T22112168887C,L2878848,c,X2878848C,ab,collapsed_primary_load
T5355773A,L2991909,a,X2991909A,ab,collapsed_primary_load
T226192926A,L2726973,a,X2726973A,ab,collapsed_primary_load
T5337718A,L2691947,a,X2691947A,ab,collapsed_primary_load
T5251859C,L2952007,c,X2952007C,ab,collapsed_primary_load
T5260622C,L3198347,c,X3198347C,ab,collapsed_primary_load
T21467859B,L2916625,b,X2916625B,ab,collapsed_primary_load
T226193298A,L2820533,a,X2820533A,ab,collapsed_primary_load
T21399809A,L2785531,a,X2785531A,ab,collapsed_primary_load
T5294812A,L3120502,a,X3120502A,ab,collapsed_primary_load
T226308723B,L3252336,b,X3252336B,ab,collapsed_primary_load
T5338945A,L2954353,a,X2954353A,ab,collapsed_primary_load
T5321837A,L2673312,a,X2673312A,ab,collapsed_primary_load
T5441311A,L2766720,a,X2766720A,ab,collapsed_primary_load
T5338934B,L2879070,b,X2879070B,ab,collapsed_primary_load
T5157716B,L3179674,b,X3179674B,ab,collapsed_primary_load
T5338930B,L3029506,b,X3029506B,ab,collapsed_primary_load
T5337717A,L3216348,a,X3216348A,ab,collapsed_primary_load
T21400215B,L3048231,b,X3048231B,ab,collapsed_primary_load
T227921416A,L3065696,a,X3065696A,ab,collapsed_primary_load
T5323399B,L3178974,b,X3178974B,ab,collapsed_primary_load
T5321882C,L2916607,c,X2916607C,ab,collapsed_primary_load
T5339021A,L3197652,a,X3197652A,ab,collapsed_primary_load
T5355589B,L2691939,b,X2691939B,ab,collapsed_primary_load
T225668688A,L2858175,a,X2858175A,ab,collapsed_primary_load
T5302803C,L3085400,c,X3085400C,ab,collapsed_primary_load
T5355596B,L3178969,b,X3178969B,ab,collapsed_primary_load
T21400108B,L2748139,b,X2748139B,ab,collapsed_primary_load
T21380500C,L3235242,c,X3235242C,ab,collapsed_primary_load
T28150189A,L2729412,a,X2729412A,ab,collapsed_primary_load
T226193737C,L3082981,c,X3082981C,ab,collapsed_primary_load
T5391989A,L2766747,a,X2766747A,ab,collapsed_primary_load
T5328365B,L3179646,b,X3179646B,ab,collapsed_primary_load
T21387206C,L3235251,c,X3235251C,ab,collapsed_primary_load
T5337661B,L2766749,b,X2766749B,ab,collapsed_primary_load
T5338965A,L3010568,a,X3010568A,ab,collapsed_primary_load
T5391748B,L2991902,b,X2991902B,ab,collapsed_primary_load
T5356013A,L2954348,a,X2954348A,ab,collapsed_primary_load
T5323255B,L2860484,b,X2860484B,ab,collapsed_primary_load
T21399229A,L2879078,a,X2879078A,ab,collapsed_primary_load
T2224237643A,L3649301,a,X3649301A,ab,collapsed_primary_load
T5302473A,L2804252,a,X2804252A,ab,collapsed_primary_load
T226193886B,L2783231,b,X2783231B,ab,collapsed_primary_load
T5323394B,L2710504,b,X2710504B,ab,collapsed_primary_load
T21383553B,L2935547,b,X2935547B,ab,collapsed_primary_load
T5391742B,L3048201,b,X3048201B,ab,collapsed_primary_load
T5274992C,L2804250,c,X2804250C,ab,collapsed_primary_load
T225700953A,L3081380,a,X3081380A,ab,collapsed_primary_load
T226964880A,L3172805,a,X3172805A,ab,collapsed_primary_load
T21386552B,L2822867,b,X2822867B,ab,collapsed_primary_load
T5302734A,L2991922,a,X2991922A,ab,collapsed_primary_load
T5338955B,L3010560,b,X3010560B,ab,collapsed_primary_load
T5339002B,L2785536,b,X2785536B,ab,collapsed_primary_load
T5260551C,L3160872,c,X3160872C,ab,collapsed_primary_load
T5337665B,L2973178,b,X2973178B,ab,collapsed_primary_load
T21426205B,L2731712,b,X2731712B,ab,collapsed_primary_load
T28120786A,L2841628,a,X2841628A,ab,collapsed_primary_load
T5321849B,L2748152,b,X2748152B,ab,collapsed_primary_load
T5339049A,L2916602,a,X2916602A,ab,collapsed_primary_load
T225533337A,L2929261,a,X2929261A,ab,collapsed_primary_load
T5138680A,L2710521,a,X2710521A,ab,collapsed_primary_load
T21249626B,L3142079,b,X3142079B,ab,collapsed_primary_load
T5337695B,L2879072,b,X2879072B,ab,collapsed_primary_load
T5323249B,L2729427,b,X2729427B,ab,collapsed_primary_load
T5321841B,L2954347,b,X2954347B,ab,collapsed_primary_load
T5260595A,L2767340,a,X2767340A,ab,collapsed_primary_load
T5260595B,L2767340,b,X2767340B,ab,collapsed_primary_load
T5260595C,L2767340,c,X2767340C,ab,collapsed_primary_load
T5293427C,L3104157,c,X3104157C,ab,collapsed_primary_load
T5321858B,L3122815,b,X3122815B,ab,collapsed_primary_load
T5274987C,L2916605,c,X2916605C,ab,collapsed_primary_load
T227944551A,L3234149,a,X3234149A,ab,collapsed_primary_load
T227944551B,L3234149,b,X3234149B,ab,collapsed_primary_load
T227944551C,L3234149,c,X3234149C,ab,collapsed_primary_load
T21386143C,L3160862,c,X3160862C,ab,collapsed_primary_load
T226308727B,L3233413,b,X3233413B,ab,collapsed_primary_load
T5274986C,L2822865,c,X2822865C,ab,collapsed_primary_load
T5391981A,L2879081,a,X2879081A,ab,collapsed_primary_load
T28147974B,L2691946,b,X2691946B,ab,collapsed_primary_load
T227411655C,L2806553,c,X2806553C,ab,collapsed_primary_load
T5302859C,L3254215,c,X3254215C,ab,collapsed_primary_load
T226192801C,L2951995,c,X2951995C,ab,collapsed_primary_load
T5138651C,L3197628,c,X3197628C,ab,collapsed_primary_load
T21470122B,L2673343,b,X2673343B,ab,collapsed_primary_load
T28127146B,L3160864,b,X3160864B,ab,collapsed_primary_load
T5260601C,L2730149,c,X2730149C,ab,collapsed_primary_load
T5323284B,L3160113,b,X3160113B,ab,collapsed_primary_load
T5294810A,L3010585,a,X3010585A,ab,collapsed_primary_load
T5355359B,L2766730,b,X2766730B,ab,collapsed_primary_load
T5260638C,L3160871,c,X3160871C,ab,collapsed_primary_load
T5338969A,L3104129,a,X3104129A,ab,collapsed_primary_load
T5302672C,L3254205,c,X3254205C,ab,collapsed_primary_load
T5339046A,L2785511,a,X2785511A,ab,collapsed_primary_load
T5355588B,L2822857,b,X2822857B,ab,collapsed_primary_load
T5262075C,L3067448,c,X3067448C,ab,collapsed_primary_load
T5260508A,L2955081,a,X2955081A,ab,collapsed_primary_load
T28099529C,L3235268,c,X3235268C,ab,collapsed_primary_load
T5356795C,L2842330,c,X2842330C,ab,collapsed_primary_load
T227917119A,L2821770,a,X2821770A,ab,collapsed_primary_load
T21400253B,L2691959,b,X2691959B,ab,collapsed_primary_load
T5356801A,L3011229,a,X3011229A,ab,collapsed_primary_load
T5223663C,L2936216,c,X2936216C,ab,collapsed_primary_load
T5138371C,L2879073,c,X2879073C,ab,collapsed_primary_load
T5323247B,L2935553,b,X2935553B,ab,collapsed_primary_load
T5138753B,L2748130,b,X2748130B,ab,collapsed_primary_load
T5339097B,L3085410,b,X3085410B,ab,collapsed_primary_load
T5323283B,L2916618,b,X2916618B,ab,collapsed_primary_load
T5321883C,L3010564,c,X3010564C,ab,collapsed_primary_load
T21391390B,L3217064,b,X3217064B,ab,collapsed_primary_load
T5350994C,L3048968,c,X3048968C,ab,collapsed_primary_load
T5391973C,L2673319,c,X2673319C,ab,collapsed_primary_load
T5338937C,L2897777,c,X2897777C,ab,collapsed_primary_load
T2224500658A,L3784018,a,X3784018A,ab,collapsed_primary_load
T5138313A,L3141400,a,X3141400A,ab,collapsed_primary_load
T21388572B,L3235252,b,X3235252B,ab,collapsed_primary_load
T226010605C,L2764411,c,X2764411C,ab,collapsed_primary_load
T5260554C,L3030200,c,X3030200C,ab,collapsed_primary_load
T227653310C,L2746587,c,X2746587C,ab,collapsed_primary_load
T5325473B,L3010562,b,X3010562B,ab,collapsed_primary_load
T227187012A,L2896685,a,X2896685A,ab,collapsed_primary_load
T227187012B,L2896685,b,X2896685B,ab,collapsed_primary_load
T227187012C,L2896685,c,X2896685C,ab,collapsed_primary_load
T28121368A,L2748143,a,X2748143A,ab,collapsed_primary_load
T21398815A,L3216351,a,X3216351A,ab,collapsed_primary_load
T5391993A,L3156034,a,X3156034A,ab,collapsed_primary_load
T5247057A,L3104128,a,X3104128A,ab,collapsed_primary_load
T5138472C,L2673309,c,X2673309C,ab,collapsed_primary_load
T21474587C,L3104155,c,X3104155C,ab,collapsed_primary_load
T21248901B,L2729430,b,X2729430B,ab,collapsed_primary_load
T5138644A,L3197630,a,X3197630A,ab,collapsed_primary_load
T5338908C,L2860481,c,X2860481C,ab,collapsed_primary_load
T5323253B,L2973152,b,X2973152B,ab,collapsed_primary_load
T21357901B,L3160117,b,X3160117B,ab,collapsed_primary_load
T5323235B,L3197624,b,X3197624B,ab,collapsed_primary_load
T226308710B,L2708744,b,X2708744B,ab,collapsed_primary_load
T5260620C,L3067506,c,X3067506C,ab,collapsed_primary_load
T5302834C,L2841625,c,X2841625C,ab,collapsed_primary_load
T5323245B,L2785512,b,X2785512B,ab,collapsed_primary_load
T5138236B,L2673305,b,X2673305B,ab,collapsed_primary_load
T5323234B,L2860480,b,X2860480B,ab,collapsed_primary_load
T226196642A,L2914324,a,X2914324A,ab,collapsed_primary_load
T21386754A,L2766741,a,X2766741A,ab,collapsed_primary_load
T5339001B,L3178988,b,X3178988B,ab,collapsed_primary_load
T5339017C,L2729423,c,X2729423C,ab,collapsed_primary_load
T28147708B,L2991929,b,X2991929B,ab,collapsed_primary_load
T5356802A,L2767342,a,X2767342A,ab,collapsed_primary_load
T5356815A,L2936212,a,X2936212A,ab,collapsed_primary_load
T21389761B,L2861219,b,X2861219B,ab,collapsed_primary_load
T226163467A,L3120376,a,X3120376A,ab,collapsed_primary_load
T5302400A,L2991919,a,X2991919A,ab,collapsed_primary_load
T21380599A,L3066804,a,X3066804A,ab,collapsed_primary_load
T5274999C,L2935550,c,X2935550C,ab,collapsed_primary_load
T5247105B,L2691942,b,X2691942B,ab,collapsed_primary_load
T5260634A,L2842383,a,X2842383A,ab,collapsed_primary_load
T5223660C,L3160863,c,X3160863C,ab,collapsed_primary_load
T5337668B,L2935549,b,X2935549B,ab,collapsed_primary_load
T226194865A,L3027122,a,X3027122A,ab,collapsed_primary_load
T5338990B,L2673331,b,X2673331B,ab,collapsed_primary_load
T5338988A,L3254231,a,X3254231A,ab,collapsed_primary_load
T5321860B,L2785543,b,X2785543B,ab,collapsed_primary_load
T21459640C,L2970258,c,X2970258C,ab,collapsed_primary_load
T5323392B,L2748124,b,X2748124B,ab,collapsed_primary_load
T5207290A,L2879773,a,X2879773A,ab,collapsed_primary_load
T5302808C,L2841626,c,X2841626C,ab,collapsed_primary_load
T28148633A,L2991905,a,X2991905A,ab,collapsed_primary_load
T21015829A,L2822861,a,X2822861A,ab,collapsed_primary_load
T5356011A,L3216337,a,X3216337A,ab,collapsed_primary_load
T5260514C,L2674047,c,X2674047C,ab,collapsed_primary_load
T5338976B,L2691967,b,X2691967B,ab,collapsed_primary_load
T2224179616C,L3626914,c,X3626914C,ab,collapsed_primary_load
T227903012A,L3177894,a,X3177894A,ab,collapsed_primary_load
T226308716B,L2690187,b,X2690187B,ab,collapsed_primary_load
T5293673A,L3122827,a,X3122827A,ab,collapsed_primary_load
T2223664050B,L3315860,b,X3315860B,ab,collapsed_primary_load
T5355942A,L2973165,a,X2973165A,ab,collapsed_primary_load
T5338983B,L2691965,b,X2691965B,ab,collapsed_primary_load
T5391991A,L3216346,a,X3216346A,ab,collapsed_primary_load
T5321892C,L3235267,c,X3235267C,ab,collapsed_primary_load
T5138464C,L3066801,c,X3066801C,ab,collapsed_primary_load
T5260621C,L2898515,c,X2898515C,ab,collapsed_primary_load
T5337697B,L2804258,b,X2804258B,ab,collapsed_primary_load
T5302675A,L2954354,a,X2954354A,ab,collapsed_primary_load
T226308730A,L2802481,a,X2802481A,ab,collapsed_primary_load
T5323398B,L2710505,b,X2710505B,ab,collapsed_primary_load
T5355587B,L3104114,b,X3104114B,ab,collapsed_primary_load
T225533237B,L2798067,b,X2798067B,ab,collapsed_primary_load
T28118808A,L3122825,a,X3122825A,ab,collapsed_primary_load
T5337704B,L2710546,b,X2710546B,ab,collapsed_primary_load
T5337701B,L2879071,b,X2879071B,ab,collapsed_primary_load
T5337675A,L2785514,a,X2785514A,ab,collapsed_primary_load
T5260594A,L2898457,a,X2898457A,ab,collapsed_primary_load
T2224386815A,L3727708,a,X3727708A,ab,collapsed_primary_load
T5260590B,L3216988,b,X3216988B,ab,collapsed_primary_load
T5323266B,L3197632,b,X3197632B,ab,collapsed_primary_load
T5293422C,L3178997,c,X3178997C,ab,collapsed_primary_load
T5339005B,L2785535,b,X2785535B,ab,collapsed_primary_load
T5337626C,L3216343,c,X3216343C,ab,collapsed_primary_load
T5338919A,L2748127,a,X2748127A,ab,collapsed_primary_load
T5355438C,L2673323,c,X2673323C,ab,collapsed_primary_load
T5138798B,L3104859,b,X3104859B,ab,collapsed_primary_load
T228001810A,L2859403,a,X2859403A,ab,collapsed_primary_load
T5338915C,L2954345,c,X2954345C,ab,collapsed_primary_load
T5339048A,L3160098,a,X3160098A,ab,collapsed_primary_load
T5325474B,L3254228,b,X3254228B,ab,collapsed_primary_load
T5321878A,L3101788,a,X3101788A,ab,collapsed_primary_load
T5337677A,L2785513,a,X2785513A,ab,collapsed_primary_load
T225684682B,L3231269,b,X3231269B,ab,collapsed_primary_load
T28129399C,L2991921,c,X2991921C,ab,collapsed_primary_load
T5302731A,L3122826,a,X3122826A,ab,collapsed_primary_load
T21325725C,L2842390,c,X2842390C,ab,collapsed_primary_load
T5138571A,L2991913,a,X2991913A,ab,collapsed_primary_load
T5339020A,L3104144,a,X3104144A,ab,collapsed_primary_load
T5339013B,L2804270,b,X2804270B,ab,collapsed_primary_load
T5260632A,L2917333,a,X2917333A,ab,collapsed_primary_load
T5247058A,L2673315,a,X2673315A,ab,collapsed_primary_load
T225918936C,L2688693,c,X2688693C,ab,collapsed_primary_load
T5321893C,L2841645,c,X2841645C,ab,collapsed_primary_load
T5391740B,L3048200,b,X3048200B,ab,collapsed_primary_load
T5138260A,L3048208,a,X3048208A,ab,collapsed_primary_load
T5260535C,L3067507,c,X3067507C,ab,collapsed_primary_load
T21389962C,L2804249,c,X2804249C,ab,collapsed_primary_load
T5328363B,L2936213,b,X2936213B,ab,collapsed_primary_load
T228057846A,L3215340,a,X3215340A,ab,collapsed_primary_load
T5339052C,L3118855,c,X3118855C,ab,collapsed_primary_load
T5323261B,L3085397,b,X3085397B,ab,collapsed_primary_load
T5260569C,L3104796,c,X3104796C,ab,collapsed_primary_load
T228622562A,L3108449,a,X3108449A,ab,collapsed_primary_load
T5337632C,L2673307,c,X2673307C,ab,collapsed_primary_load
T21398536A,L2973159,a,X2973159A,ab,collapsed_primary_load
T5321877A,L3101787,a,X3101787A,ab,collapsed_primary_load
T5338931C,L2785521,c,X2785521C,ab,collapsed_primary_load
T5339016B,L3235273,b,X3235273B,ab,collapsed_primary_load
T5356798C,L2692600,c,X2692600C,ab,collapsed_primary_load
T21386442C,L3179637,c,X3179637C,ab,collapsed_primary_load
T5337633C,L2729406,c,X2729406C,ab,collapsed_primary_load
T5302678A,L3029499,a,X3029499A,ab,collapsed_primary_load
T5251828B,L3179650,b,X3179650B,ab,collapsed_primary_load
T5356803A,L2748780,a,X2748780A,ab,collapsed_primary_load
T21386976A,L3141398,a,X3141398A,ab,collapsed_primary_load
T5293668A,L3085403,a,X3085403A,ab,collapsed_primary_load
T5138796B,L3236011,b,X3236011B,ab,collapsed_primary_load
T5355584B,L2710542,b,X2710542B,ab,collapsed_primary_load
T226191995B,L2801896,b,X2801896B,ab,collapsed_primary_load
T5337688B,L3029501,b,X3029501B,ab,collapsed_primary_load
T228446184A,L3159645,a,X3159645A,ab,collapsed_primary_load
T226193698C,L3125349,c,X3125349C,ab,collapsed_primary_load
T5325472B,L2973149,b,X2973149B,ab,collapsed_primary_load
T21390038C,L3030205,c,X3030205C,ab,collapsed_primary_load
T5356012A,L2841615,a,X2841615A,ab,collapsed_primary_load
T5260495B,L2767407,b,X2767407B,ab,collapsed_primary_load
T225767272A,L3139103,a,X3139103A,ab,collapsed_primary_load
T28129466A,L3011293,a,X3011293A,ab,collapsed_primary_load
T28129466B,L3011293,b,X3011293B,ab,collapsed_primary_load
T28129466C,L3011293,c,X3011293C,ab,collapsed_primary_load
T226193702C,L3181545,c,X3181545C,ab,collapsed_primary_load
T5338917A,L2935555,a,X2935555A,ab,collapsed_primary_load
T5323248B,L3048207,b,X3048207B,ab,collapsed_primary_load
T5337707B,L3160104,b,X3160104B,ab,collapsed_primary_load
T21393643A,L2851933,a,X2851933A,ab,collapsed_primary_load
T21393643B,L2851933,b,X2851933B,ab,collapsed_primary_load
T21393643C,L2851933,c,X2851933C,ab,collapsed_primary_load
T5247170B,L2897784,b,X2897784B,ab,collapsed_primary_load
T5293664A,L3207907,a,X3207907A,ab,collapsed_primary_load
T5293664B,L3207907,b,X3207907B,ab,collapsed_primary_load
T5293664C,L3207907,c,X3207907C,ab,collapsed_primary_load
T226193395B,L2726974,b,X2726974B,ab,collapsed_primary_load
T5138262A,L3029502,a,X3029502A,ab,collapsed_primary_load
T5338923C,L3178972,c,X3178972C,ab,collapsed_primary_load
T5260607B,L3029055,b,X3029055B,ab,collapsed_primary_load
T5302368B,L3029507,b,X3029507B,ab,collapsed_primary_load
T5338989A,L3254230,a,X3254230A,ab,collapsed_primary_load
T5260639C,L3030203,c,X3030203C,ab,collapsed_primary_load
T5323273B,L3048203,b,X3048203B,ab,collapsed_primary_load
T5260521B,L3048963,b,X3048963B,ab,collapsed_primary_load
T21380325B,L2674027,b,X2674027B,ab,collapsed_primary_load
T5391753B,L2973163,b,X2973163B,ab,collapsed_primary_load
T5260479A,L2955074,a,X2955074A,ab,collapsed_primary_load
T5337645B,L3216342,b,X3216342B,ab,collapsed_primary_load
T5275008C,L3235243,c,X3235243C,ab,collapsed_primary_load
T226194421C,L3214069,c,X3214069C,ab,collapsed_primary_load
T5338972B,L2841632,b,X2841632B,ab,collapsed_primary_load
T5391747B,L2822859,b,X2822859B,ab,collapsed_primary_load
T5251865C,L3142050,c,X3142050C,ab,collapsed_primary_load
T5338898A,L2973155,a,X2973155A,ab,collapsed_primary_load
T5260605A,L2973791,a,X2973791A,ab,collapsed_primary_load
T5138405C,L2841629,c,X2841629C,ab,collapsed_primary_load
T21397544A,L2822868,a,X2822868A,ab,collapsed_primary_load
T5302370B,L3122823,b,X3122823B,ab,collapsed_primary_load
T5337614B,L2952003,b,X2952003B,ab,collapsed_primary_load
T5260467A,L3104856,a,X3104856A,ab,collapsed_primary_load
T5223662C,L2786204,c,X2786204C,ab,collapsed_primary_load
T21384215A,L2841622,a,X2841622A,ab,collapsed_primary_load
T21380528A,L2973150,a,X2973150A,ab,collapsed_primary_load
T5339003B,L3066826,b,X3066826B,ab,collapsed_primary_load
T21396959A,L3197638,a,X3197638A,ab,collapsed_primary_load
T5391985A,L2785530,a,X2785530A,ab,collapsed_primary_load
T226195153B,L3082988,b,X3082988B,ab,collapsed_primary_load
T5302733A,L2860491,a,X2860491A,ab,collapsed_primary_load
T5302733B,L2860491,b,X2860491B,ab,collapsed_primary_load
